tour_name,location,description
Eco Safari Adventure,Kenya,"Experience wildlife conservation in action with local rangers. Learn about anti-poaching efforts and participate in wildlife monitoring activities."
Coastal Community Project,Thailand,"Help preserve marine ecosystems by participating in coral reef restoration and beach cleanup initiatives. Work alongside local fishermen to learn sustainable fishing practices."
Mountain Village Stay,Nepal,"Authentic cultural immersion in remote Himalayan villages. Learn traditional crafts, cooking techniques, and participate in community development projects."
Amazon Rainforest Conservation,Brazil,"Join efforts to protect the Amazon rainforest through reforestation projects and sustainable agriculture initiatives. Learn about medicinal plants from indigenous guides."
Sustainable Farming Experience,New Zealand,"Work on an organic farm implementing regenerative agriculture practices. Learn about permaculture design, composting, and sustainable food systems."
Desert Conservation Project,Morocco,"Participate in desert conservation efforts to combat desertification. Learn traditional water conservation techniques and help with oasis restoration."
Arctic Indigenous Culture,Norway,"Experience life with the Sami people of northern Norway. Learn about reindeer herding, traditional crafts, and efforts to preserve indigenous knowledge."
Island Restoration Project,Galapagos,"Join conservation efforts to protect the unique biodiversity of the Galapagos Islands. Participate in invasive species removal and habitat restoration."
Urban Sustainability Tour,Singapore,"Explore innovative urban sustainability solutions in one of the world's greenest cities. Visit vertical gardens, water recycling facilities, and green buildings."
Cultural Heritage Preservation,Peru,"Work alongside local communities to preserve ancient archaeological sites and traditional knowledge. Learn traditional weaving, pottery, and farming techniques."
Mangrove Reforestation Project,Indonesia,"Help restore vital mangrove ecosystems that protect coastlines and serve as carbon sinks. Learn about the importance of mangroves for local communities and wildlife."
Elephant Conservation Sanctuary,Thailand,"Work with rescued elephants in a ethical sanctuary. Learn about elephant behavior, conservation challenges, and participate in habitat restoration."
Coral Reef Monitoring,Australia,"Assist marine biologists in monitoring the health of the Great Barrier Reef. Learn diving techniques, coral identification, and data collection methods."
Sustainable Vineyard Experience,Italy,"Work on an organic vineyard implementing sustainable viticulture practices. Learn about traditional winemaking methods and modern eco-friendly innovations."
Indigenous Knowledge Exchange,Mexico,"Learn from indigenous communities about traditional ecological knowledge and sustainable practices that have been maintained for generations." 